,Mobile_name,Details,Price,Reviews,Num_Ratings,Num_Reviews
0,"Apple iPhone 15 (Blue, 128 GB)","128 GB ROM15.49 cm (6.1 inch) Super Retina XDR Display48MP + 12MP | 12MP Front CameraA16 Bionic Chip, 6 Core Processor Processor1 Year Warranty for Phone and 6 Months Warranty for In-Box Accessories","₹65,999",4.6,"13,968 Ratings ", 958 Reviews
1,"Motorola G34 5G (Ocean Green, 128 GB)",8 GB RAM | 128 GB ROM16.51 cm (6.5 inch) HD+ Display50MP + 2MP | 16MP Front Camera5000 mAh BatterySnapdragon 695 5G ProcessorVegan Leather Design1 Year on Handset and 6 Months on Accessories,"₹11,999",4.2,"6,481 Ratings ", 899 Reviews
2,"vivo T2 5G (Nitro Blaze, 128 GB)",8 GB RAM | 128 GB ROM16.21 cm (6.38 inch) Full HD+ Display64 MP (OIS) + 2MP | 16MP Front Camera4500 mAh BatterySnapdragon 695 Processor1 Year of Device & 6 Months for Inbox Accessories,"₹17,999",4.3,"16,645 Ratings "," 1,170 Reviews"
3,"vivo T2 5G (Velocity Wave, 128 GB)",6 GB RAM | 128 GB ROM16.21 cm (6.38 inch) Full HD+ Display64 MP (OIS) + 2MP | 16MP Front Camera4500 mAh BatterySnapdragon 695 Processor1 Year of Device & 6 Months for Inbox Accessories,"₹15,999",4.4,"95,259 Ratings "," 6,250 Reviews"
4,"vivo T2 5G (Nitro Blaze, 128 GB)",6 GB RAM | 128 GB ROM16.21 cm (6.38 inch) Full HD+ Display64 MP (OIS) + 2MP | 16MP Front Camera4500 mAh BatterySnapdragon 695 Processor1 Year of Device & 6 Months for Inbox Accessories,"₹15,999",4.4,"95,259 Ratings "," 6,250 Reviews"
5,"vivo T2 5G (Velocity Wave, 128 GB)",8 GB RAM | 128 GB ROM16.21 cm (6.38 inch) Full HD+ Display64 MP (OIS) + 2MP | 16MP Front Camera4500 mAh BatterySnapdragon 695 Processor1 Year of Device & 6 Months for Inbox Accessories,"₹17,999",4.3,"16,645 Ratings "," 1,170 Reviews"
6,"Apple iPhone 15 (Black, 128 GB)","128 GB ROM15.49 cm (6.1 inch) Super Retina XDR Display48MP + 12MP | 12MP Front CameraA16 Bionic Chip, 6 Core Processor Processor1 Year Warranty for Phone and 6 Months Warranty for In-Box Accessories","₹65,999",4.6,"13,968 Ratings ", 958 Reviews
7,"SAMSUNG Galaxy F04 (Opal Green, 64 GB)",4 GB RAM | 64 GB ROM | Expandable Upto 1 TB16.51 cm (6.5 inch) HD Display13MP + 2MP | 5MP Front Camera5000 mAh Lithium-Ion BatteryMediatek Helio P35 Processor1 Year Manufacturer Warranty for Device and 6 Months Manufacturer Warranty for In-Box Accessories,"₹5,999",4.2,"97,370 Ratings "," 5,565 Reviews"
8,"POCO C51 (Royal Blue, 64 GB)",4 GB RAM | 64 GB ROM | Expandable Upto 1 TB16.56 cm (6.52 inch) HD+ Display8MP Dual Rear Camera | 5MP Front Camera5000 mAh BatteryHelio G36 Processor1 Year Manufacturer Warranty for Phone and 6 Months Warranty for in the Box Accessories,"₹5,499",4,"1,80,462 Ratings "," 10,048 Reviews"
9,"Apple iPhone 14 (Midnight, 128 GB)","128 GB ROM15.49 cm (6.1 inch) Super Retina XDR Display12MP + 12MP | 12MP Front CameraA15 Bionic Chip, 6 Core Processor Processor1 Year Warranty for Phone and 6 Months Warranty for In-Box Accessories","₹56,999",4.6,"2,75,992 Ratings "," 10,824 Reviews"
10,"Motorola G34 5G (Ice Blue, 128 GB)",8 GB RAM | 128 GB ROM16.51 cm (6.5 inch) HD+ Display50MP + 2MP | 16MP Front Camera5000 mAh BatterySnapdragon 695 5G Processor1 Year on Handset and 6 Months on Accessories,"₹11,999",4.2,"6,481 Ratings ", 899 Reviews
11,"vivo T2x 5G (Aurora Gold, 128 GB)",8 GB RAM | 128 GB ROM16.71 cm (6.58 inch) Full HD+ Display50MP + 2MP | 8MP Front Camera5000 mAh BatteryMediatek Dimensity 6020 Processor1 Year of Device & 6 Months for Inbox Accessories,"₹14,999",4.3,"62,930 Ratings "," 3,777 Reviews"
12,"vivo T2x 5G (Marine Blue, 128 GB)",6 GB RAM | 128 GB ROM16.71 cm (6.58 inch) Full HD+ Display50MP + 2MP | 8MP Front Camera5000 mAh BatteryMediatek Dimensity 6020 Processor1 Year of Device & 6 Months for Inbox Accessories,"₹12,999",4.4,"3,45,370 Ratings "," 19,420 Reviews"
13,"vivo T2x 5G (Marine Blue, 128 GB)",4 GB RAM | 128 GB ROM16.71 cm (6.58 inch) Full HD+ Display50MP + 2MP | 8MP Front Camera5000 mAh BatteryMediatek Dimensity 6020 Processor1 Year of Device & 6 Months for Inbox Accessories,"₹11,999",4.4,"1,56,942 Ratings "," 8,367 Reviews"
14,"vivo T2x 5G (Aurora Gold, 128 GB)",4 GB RAM | 128 GB ROM16.71 cm (6.58 inch) Full HD+ Display50MP + 2MP | 8MP Front Camera5000 mAh BatteryMediatek Dimensity 6020 Processor1 Year of Device & 6 Months for Inbox Accessories,"₹11,999",4.4,"1,56,942 Ratings "," 8,367 Reviews"
15,"vivo T2x 5G (Glimmer Black, 128 GB)",6 GB RAM | 128 GB ROM16.71 cm (6.58 inch) Full HD+ Display50MP + 2MP | 8MP Front Camera5000 mAh BatteryMediatek Dimensity 6020 Processor1 Year of Device & 6 Months for Inbox Accessories,"₹12,999",4.4,"3,45,370 Ratings "," 19,420 Reviews"
16,"vivo T2x 5G (Aurora Gold, 128 GB)",6 GB RAM | 128 GB ROM16.71 cm (6.58 inch) Full HD+ Display50MP + 2MP | 8MP Front Camera5000 mAh BatteryMediatek Dimensity 6020 Processor1 Year of Device & 6 Months for Inbox Accessories,"₹12,999",4.4,"3,45,370 Ratings "," 19,420 Reviews"
17,"vivo T2x 5G (Marine Blue, 128 GB)",8 GB RAM | 128 GB ROM16.71 cm (6.58 inch) Full HD+ Display50MP + 2MP | 8MP Front Camera5000 mAh BatteryMediatek Dimensity 6020 Processor1 Year of Device & 6 Months for Inbox Accessories,"₹14,999",4.3,"62,930 Ratings "," 3,777 Reviews"
18,"Apple iPhone 14 (Blue, 128 GB)","128 GB ROM15.49 cm (6.1 inch) Super Retina XDR Display12MP + 12MP | 12MP Front CameraA15 Bionic Chip, 6 Core Processor Processor1 Year Warranty for Phone and 6 Months Warranty for In-Box Accessories","₹56,999",4.6,"2,75,992 Ratings "," 10,824 Reviews"
19,"vivo T2x 5G (Glimmer Black, 128 GB)",4 GB RAM | 128 GB ROM16.71 cm (6.58 inch) Full HD+ Display50MP + 2MP | 8MP Front Camera5000 mAh BatteryMediatek Dimensity 6020 Processor1 Year of Device & 6 Months for Inbox Accessories,"₹11,999",4.4,"1,56,942 Ratings "," 8,367 Reviews"
20,"vivo T2x 5G (Glimmer Black, 128 GB)",8 GB RAM | 128 GB ROM16.71 cm (6.58 inch) Full HD+ Display50MP + 2MP | 8MP Front Camera5000 mAh BatteryMediatek Dimensity 6020 Processor1 Year of Device & 6 Months for Inbox Accessories,"₹14,999",4.3,"62,930 Ratings "," 3,777 Reviews"
21,"Apple iPhone 15 (Pink, 128 GB)","128 GB ROM15.49 cm (6.1 inch) Super Retina XDR Display48MP + 12MP | 12MP Front CameraA16 Bionic Chip, 6 Core Processor Processor1 Year Warranty for Phone and 6 Months Warranty for In-Box Accessories","₹66,999",4.6,"13,968 Ratings ", 958 Reviews
22,"Apple iPhone 14 (Starlight, 128 GB)","128 GB ROM15.49 cm (6.1 inch) Super Retina XDR Display12MP + 12MP | 12MP Front CameraA15 Bionic Chip, 6 Core Processor Processor1 Year Warranty for Phone and 6 Months Warranty for In-Box Accessories","₹56,999",4.6,"2,75,992 Ratings "," 10,824 Reviews"
23,"SAMSUNG Galaxy F04 (Jade Purple, 64 GB)",4 GB RAM | 64 GB ROM | Expandable Upto 1 TB16.51 cm (6.5 inch) HD Display13MP + 2MP | 5MP Front Camera5000 mAh Lithium-Ion BatteryMediatek Helio P35 Processor1 Year Manufacturer Warranty for Device and 6 Months Manufacturer Warranty for In-Box Accessories,"₹5,999",4.2,"97,370 Ratings "," 5,565 Reviews"
24,"Motorola g54 5G (Pearl Blue, 128 GB)",8 GB RAM | 128 GB ROM | Expandable Upto 1 TB16.51 cm (6.5 inch) Full HD+ Display50MP (OIS) + 8MP | 16MP Front Camera6000 mAh BatteryDimensity 7020 Processor1 Year on Handset and 6 Months on Accessories,"₹13,999",4.2,"62,899 Ratings "," 6,182 Reviews"
25,"REDMI 12 5G (Moonstone Silver, 128 GB)",6 GB RAM | 128 GB ROM | Expandable Upto 1 TB17.25 cm (6.79 inch) Full HD+ Display50MP + 2MP | 8MP Front Camera5000 mAh BatterySnapdragon 4 Gen 2 Processor1 Year Manufacturer Warranty for Phone and 6 Months Warranty for In the Box Accessories,"₹12,999",4.3,"18,156 Ratings "," 1,180 Reviews"
26,"vivo T2x 5G (Marine Blue, 128 GB)",6 GB RAM | 128 GB ROM16.71 cm (6.58 inch) Full HD+ Display50MP + 2MP | 8MP Front Camera5000 mAh BatteryMediatek Dimensity 6020 Processor1 Year of Device & 6 Months for Inbox Accessories,"₹12,999",4.4,"3,45,370 Ratings "," 19,420 Reviews"
27,"vivo T2x 5G (Aurora Gold, 128 GB)",6 GB RAM | 128 GB ROM16.71 cm (6.58 inch) Full HD+ Display50MP + 2MP | 8MP Front Camera5000 mAh BatteryMediatek Dimensity 6020 Processor1 Year of Device & 6 Months for Inbox Accessories,"₹12,999",4.4,"3,45,370 Ratings "," 19,420 Reviews"
28,"vivo T2x 5G (Glimmer Black, 128 GB)",6 GB RAM | 128 GB ROM16.71 cm (6.58 inch) Full HD+ Display50MP + 2MP | 8MP Front Camera5000 mAh BatteryMediatek Dimensity 6020 Processor1 Year of Device & 6 Months for Inbox Accessories,"₹12,999",4.4,"3,45,370 Ratings "," 19,420 Reviews"
29,"POCO M6 Pro 5G (Forest Green, 128 GB)",6 GB RAM | 128 GB ROM | Expandable Upto 1 TB17.25 cm (6.79 inch) Full HD+ Display50MP + 2MP | 8MP Front Camera5000 mAh BatterySnapdragon 4 Gen 2 Processor1 Year Manufacturer Warranty for Phone and 6 Months Warranty for In the Box Accessories,"₹11,499",4.3,"69,021 Ratings "," 4,624 Reviews"
30,"vivo T2x 5G (Glimmer Black, 128 GB)",4 GB RAM | 128 GB ROM16.71 cm (6.58 inch) Full HD+ Display50MP + 2MP | 8MP Front Camera5000 mAh BatteryMediatek Dimensity 6020 Processor1 Year of Device & 6 Months for Inbox Accessories,"₹11,999",4.4,"1,56,942 Ratings "," 8,367 Reviews"
31,"vivo T2x 5G (Marine Blue, 128 GB)",8 GB RAM | 128 GB ROM16.71 cm (6.58 inch) Full HD+ Display50MP + 2MP | 8MP Front Camera5000 mAh BatteryMediatek Dimensity 6020 Processor1 Year of Device & 6 Months for Inbox Accessories,"₹14,999",4.3,"62,930 Ratings "," 3,777 Reviews"
32,"vivo T2x 5G (Aurora Gold, 128 GB)",4 GB RAM | 128 GB ROM16.71 cm (6.58 inch) Full HD+ Display50MP + 2MP | 8MP Front Camera5000 mAh BatteryMediatek Dimensity 6020 Processor1 Year of Device & 6 Months for Inbox Accessories,"₹11,999",4.4,"1,56,942 Ratings "," 8,367 Reviews"
33,"vivo T2x 5G (Glimmer Black, 128 GB)",8 GB RAM | 128 GB ROM16.71 cm (6.58 inch) Full HD+ Display50MP + 2MP | 8MP Front Camera5000 mAh BatteryMediatek Dimensity 6020 Processor1 Year of Device & 6 Months for Inbox Accessories,"₹14,999",4.3,"62,930 Ratings "," 3,777 Reviews"
34,"vivo T2x 5G (Marine Blue, 128 GB)",4 GB RAM | 128 GB ROM16.71 cm (6.58 inch) Full HD+ Display50MP + 2MP | 8MP Front Camera5000 mAh BatteryMediatek Dimensity 6020 Processor1 Year of Device & 6 Months for Inbox Accessories,"₹11,999",4.4,"1,56,942 Ratings "," 8,367 Reviews"
35,"Apple iPhone 14 (Blue, 128 GB)","128 GB ROM15.49 cm (6.1 inch) Super Retina XDR Display12MP + 12MP | 12MP Front CameraA15 Bionic Chip, 6 Core Processor Processor1 Year Warranty for Phone and 6 Months Warranty for In-Box Accessories","₹56,999",4.6,"2,75,992 Ratings "," 10,824 Reviews"
36,"POCO M6 5G (Orion Blue, 128 GB)",6 GB RAM | 128 GB ROM | Expandable Upto 1 TB17.12 cm (6.74 inch) HD+ Display50MP Rear Camera5000 mAh BatteryMediatek Dimensity 6100+ Processor1 Year Manufacturer Warranty for Phone and 6 Months Warranty for In the Box Accessories,"₹10,499",4.3,"5,924 Ratings ", 368 Reviews
37,"Apple iPhone 14 (Starlight, 128 GB)","128 GB ROM15.49 cm (6.1 inch) Super Retina XDR Display12MP + 12MP | 12MP Front CameraA15 Bionic Chip, 6 Core Processor Processor1 Year Warranty for Phone and 6 Months Warranty for In-Box Accessories","₹56,999",4.6,"2,75,992 Ratings "," 10,824 Reviews"
38,"vivo T2 Pro 5G (Dune Gold, 256 GB)",8 GB RAM | 256 GB ROM17.22 cm (6.78 inch) Full HD+ Display64MP + 2MP | 16MP Front Camera4600 mAh BatteryDimensity 7200 Processor1 Year Manufacturer Warranty for Phone and 6 Months Warranty for In the Box Accessories,"₹24,999",4.5,"69,096 Ratings "," 6,099 Reviews"
39,"vivo T2 Pro 5G (New Moon Black, 256 GB)",8 GB RAM | 256 GB ROM17.22 cm (6.78 inch) Full HD+ Display64MP + 2MP | 16MP Front Camera4600 mAh BatteryDimensity 7200 Processor1 Year Manufacturer Warranty for Phone and 6 Months Warranty for In the Box Accessories,"₹24,999",4.5,"69,096 Ratings "," 6,099 Reviews"
40,"vivo T2 Pro 5G (New Moon Black, 128 GB)",8 GB RAM | 128 GB ROM17.22 cm (6.78 inch) Full HD+ Display64MP + 2MP | 16MP Front Camera4600 mAh BatteryDimensity 7200 Processor1 Year Manufacturer Warranty for Phone and 6 Months Warranty for In the Box Accessories,"₹23,999",4.5,"69,096 Ratings "," 6,099 Reviews"
41,"vivo T2 Pro 5G (Dune Gold, 128 GB)",8 GB RAM | 128 GB ROM17.22 cm (6.78 inch) Full HD+ Display64MP + 2MP | 16MP Front Camera4600 mAh BatteryDimensity 7200 Processor1 Year Manufacturer Warranty for Phone and 6 Months Warranty for In the Box Accessories,"₹23,999",4.5,"69,096 Ratings "," 6,099 Reviews"
42,"REDMI 12 5G (Pastel Blue, 128 GB)",6 GB RAM | 128 GB ROM | Expandable Upto 1 TB17.25 cm (6.79 inch) Full HD+ Display50MP + 2MP | 8MP Front Camera5000 mAh BatterySnapdragon 4 Gen 2 Processor1 Year Manufacturer Warranty for Phone and 6 Months Warranty for In the Box Accessories,"₹12,975",4.3,"18,156 Ratings "," 1,180 Reviews"
43,"SAMSUNG Galaxy F14 5G (GOAT Green, 128 GB)","6 GB RAM | 128 GB ROM | Expandable Upto 1 TB16.76 cm (6.6 inch) Full HD+ Display50MP + 2MP | 13MP Front Camera6000 mAh BatteryExynos 1330, Octa Core Processor1 Year Manufacturer Warranty for Device and 6 Months Manufacturer Warranty for In-Box Accessories","₹10,990",4.2,"88,220 Ratings "," 6,483 Reviews"
44,"SAMSUNG Galaxy F14 5G (B.A.E. Purple, 128 GB)","4 GB RAM | 128 GB ROM | Expandable Upto 1 TB16.76 cm (6.6 inch) Full HD+ Display50MP + 2MP | 13MP Front Camera6000 mAh BatteryExynos 1330, Octa Core Processor1 Year Manufacturer Warranty for Device and 6 Months Manufacturer Warranty for In-Box Accessories","₹9,990",4.2,"36,068 Ratings "," 2,388 Reviews"
45,"SAMSUNG Galaxy F04 (Jade Purple, 64 GB)",4 GB RAM | 64 GB ROM | Expandable Upto 1 TB16.51 cm (6.5 inch) HD Display13MP + 2MP | 5MP Front Camera5000 mAh Lithium-Ion BatteryMediatek Helio P35 Processor1 Year Manufacturer Warranty for Device and 6 Months Manufacturer Warranty for In-Box Accessories,"₹5,999",4.2,"97,370 Ratings "," 5,565 Reviews"
46,"POCO M6 Pro 5G (Forest Green, 256 GB)",8 GB RAM | 256 GB ROM | Expandable Upto 1 TB17.25 cm (6.79 inch) Full HD+ Display50MP + 2MP | 8MP Front Camera5000 mAh BatterySnapdragon 4 Gen 2 Processor1 Year Manufacturer Warranty for Phone and 6 Months Warranty for In the Box Accessories,"₹12,999",4.2,"7,026 Ratings ", 580 Reviews
47,"REDMI A2 (Sea Green, 64 GB)",2 GB RAM | 64 GB ROM | Expandable Upto 1 TB16.56 cm (6.52 inch) HD+ Display8MP Rear Camera | 5MP Front Camera5000 mAh BatteryHelio G36 Processor1 Year Manufacturer Warranty for Phone and 6 Months Warranty for In the Box Accessories,"₹5,299",4.2,"6,279 Ratings ", 369 Reviews
48,"REDMI 12 (Pastel Blue, 128 GB)",6 GB RAM | 128 GB ROM | Expandable Upto 1 TB17.25 cm (6.79 inch) Full HD+ Display50MP + 8MP + 2MP | 8MP Front Camera5000 mAh BatteryHelio G88 Processor1 Year Manufacturer Warranty for Phone and 6 Months Warranty for in the Box Accessories,"₹10,499",4.2,"38,578 Ratings "," 2,720 Reviews"
49,"Motorola g54 5G (Mint Green, 256 GB)",12 GB RAM | 256 GB ROM | Expandable Upto 1 TB16.51 cm (6.5 inch) Full HD+ Display50MP (OIS) + 8MP | 16MP Front Camera6000 mAh BatteryDimensity 7020 Processor1 Year on Handset and 6 Months on Accessories,"₹15,999",4.2,"58,864 Ratings "," 5,528 Reviews"
50,"OnePlus Nord CE 3 Lite 5G (Pastel Lime, 256 GB)",8 GB RAM | 256 GB ROM17.07 cm (6.72 inch) Display108MP Rear Camera5000 mAh BatteryDomestic Warranty of 12 months on phone & 6 months on accessories,"₹20,199",4.4,"52,811 Ratings "," 3,705 Reviews"
51,"Motorola Edge 40 Neo (Black Beauty, 128 GB)",8 GB RAM | 128 GB ROM16.64 cm (6.55 inch) Full HD+ Display50MP + 13MP | 32MP Front Camera5000 mAh BatteryDimensity 7030 Processor1 Year on Handset and 6 Months on Accessories,"₹22,999",4.4,"28,459 Ratings "," 3,642 Reviews"
52,"POCO C55 (Cool Blue, 128 GB)",6 GB RAM | 128 GB ROM | Expandable Upto 1 TB17.04 cm (6.71 inch) HD+ Display50MP Dual Rear Camera | 5MP Front Camera5000 mAh BatteryMediatek Helio G85 Processor1 Year Manufacturer Warranty for Phone and 6 Months Warranty for In the Box Accessories,"₹6,999",4.2,"1,13,904 Ratings "," 6,868 Reviews"
53,"Motorola g54 5G (Midnight Blue, 256 GB)",12 GB RAM | 256 GB ROM | Expandable Upto 1 TB16.51 cm (6.5 inch) Full HD+ Display50MP (OIS) + 8MP | 16MP Front Camera6000 mAh BatteryDimensity 7020 Processor1 Year on Handset and 6 Months on Accessories,"₹15,999",4.2,"58,864 Ratings "," 5,528 Reviews"
54,"Apple iPhone 13 (Starlight, 128 GB)",128 GB ROM15.49 cm (6.1 inch) Super Retina XDR Display12MP + 12MP | 12MP Front CameraA15 Bionic Chip ProcessorBrand Warranty for 1 Year,"₹52,999",4.7,"2,77,469 Ratings "," 13,511 Reviews"
55,"POCO M6 5G (Orion Blue, 128 GB)",6 GB RAM | 128 GB ROM | Expandable Upto 1 TB17.12 cm (6.74 inch) HD+ Display50MP Rear Camera5000 mAh BatteryMediatek Dimensity 6100+ Processor1 Year Manufacturer Warranty for Phone and 6 Months Warranty for In the Box Accessories,"₹10,499",4.3,"5,924 Ratings ", 368 Reviews
56,"Motorola g54 5G (Pearl Blue, 128 GB)",8 GB RAM | 128 GB ROM | Expandable Upto 1 TB16.51 cm (6.5 inch) Full HD+ Display50MP (OIS) + 8MP | 16MP Front Camera6000 mAh BatteryDimensity 7020 Processor1 Year on Handset and 6 Months on Accessories,"₹13,999",4.2,"62,899 Ratings "," 6,182 Reviews"
57,"Motorola G34 5G (Charcoal Black, 128 GB)",8 GB RAM | 128 GB ROM16.51 cm (6.5 inch) HD+ Display50MP + 2MP | 16MP Front Camera5000 mAh BatterySnapdragon 695 5G Processor1 Year on Handset and 6 Months on Accessories,"₹11,999",4.2,"6,481 Ratings ", 899 Reviews
58,"Motorola Edge 40 Neo (Soothing Sea, 128 GB)",8 GB RAM | 128 GB ROM16.64 cm (6.55 inch) Full HD+ Display50MP + 13MP | 32MP Front Camera5000 mAh BatteryDimensity 7030 Processor1 Year on Handset and 6 Months on Accessories,"₹22,999",4.4,"28,459 Ratings "," 3,642 Reviews"
59,"REDMI 12 5G (Moonstone Silver, 128 GB)",6 GB RAM | 128 GB ROM | Expandable Upto 1 TB17.25 cm (6.79 inch) Full HD+ Display50MP + 2MP | 8MP Front Camera5000 mAh BatterySnapdragon 4 Gen 2 Processor1 Year Manufacturer Warranty for Phone and 6 Months Warranty for In the Box Accessories,"₹12,999",4.3,"18,156 Ratings "," 1,180 Reviews"
60,"POCO M6 Pro 5G (Forest Green, 128 GB)",6 GB RAM | 128 GB ROM | Expandable Upto 1 TB17.25 cm (6.79 inch) Full HD+ Display50MP + 2MP | 8MP Front Camera5000 mAh BatterySnapdragon 4 Gen 2 Processor1 Year Manufacturer Warranty for Phone and 6 Months Warranty for In the Box Accessories,"₹11,499",4.3,"69,021 Ratings "," 4,624 Reviews"
61,"REDMI 12 (Moonstone Silver, 128 GB)",6 GB RAM | 128 GB ROM | Expandable Upto 1 TB17.25 cm (6.79 inch) Full HD+ Display50MP + 8MP + 2MP | 8MP Front Camera5000 mAh BatteryHelio G88 Processor1 Year Manufacturer Warranty for Phone and 6 Months Warranty for in the Box Accessories,"₹10,499",4.2,"38,578 Ratings "," 2,720 Reviews"
62,"Motorola e13 (Cosmic Black, 64 GB)",4 GB RAM | 64 GB ROM | Expandable Upto 1 TB16.51 cm (6.5 inch) HD+ Display13MP Rear Camera | 5MP Front Camera5000 mAh BatteryUnisoc T606 Processor1 Year on Handset and 6 Months on Accessories,"₹6,499",4.1,"94,544 Ratings "," 7,427 Reviews"
63,"Nokia 105 Single SIM, Keypad Mobile Phone with Wireless FM Radio",32 MB RAM | 32 MB ROM4.5 cm (1.77 inch) QVGA Display0MP Front Camera800 mAh Lithium Ion BatterySC6531E Processor1 Year Manufacturer Warranty for Device and 6 Months Manufacturer Warranty for In-box Accessories Including Battery from the Date of Purchase,"₹1,295",4.1,"92,639 Ratings "," 5,978 Reviews"
64,"Apple iPhone 13 (Midnight, 128 GB)",128 GB ROM15.49 cm (6.1 inch) Super Retina XDR Display12MP + 12MP | 12MP Front CameraA15 Bionic Chip ProcessorBrand Warranty for 1 Year,"₹52,999",4.7,"2,77,469 Ratings "," 13,511 Reviews"
65,"REDMI 12 5G (Pastel Blue, 128 GB)",6 GB RAM | 128 GB ROM | Expandable Upto 1 TB17.25 cm (6.79 inch) Full HD+ Display50MP + 2MP | 8MP Front Camera5000 mAh BatterySnapdragon 4 Gen 2 Processor1 Year Manufacturer Warranty for Phone and 6 Months Warranty for In the Box Accessories,"₹12,975",4.3,"18,156 Ratings "," 1,180 Reviews"
66,"SAMSUNG Galaxy F14 5G (OMG Black, 128 GB)","4 GB RAM | 128 GB ROM | Expandable Upto 1 TB16.76 cm (6.6 inch) Full HD+ Display50MP + 2MP | 13MP Front Camera6000 mAh BatteryExynos 1330, Octa Core Processor1 Year Manufacturer Warranty for Device and 6 Months Manufacturer Warranty for In-Box Accessories","₹9,990",4.2,"36,068 Ratings "," 2,388 Reviews"
67,"SAMSUNG Galaxy F14 5G (GOAT Green, 128 GB)","4 GB RAM | 128 GB ROM | Expandable Upto 1 TB16.76 cm (6.6 inch) Full HD+ Display50MP + 2MP | 13MP Front Camera6000 mAh BatteryExynos 1330, Octa Core Processor1 Year Manufacturer Warranty for Device and 6 Months Manufacturer Warranty for In-Box Accessories","₹9,990",4.2,"36,068 Ratings "," 2,388 Reviews"
68,"OnePlus Nord CE 3 Lite 5G (Pastel lime, 256 GB)","8 GB RAM | 256 GB ROM17.07 cm (6.72 inch) Display108MP Rear Camera5000 mAh Battery1 Year for  handset ,6 months fro accessories","₹19,928",4.4,"52,811 Ratings "," 3,705 Reviews"
69,"OnePlus Nord CE 3 Lite 5G (Chromatic Gray, 256 GB)","8 GB RAM | 256 GB ROM17.07 cm (6.72 inch) Display108MP Rear Camera5000 mAh Battery1 Year for  handset ,6 months fro accessories","₹20,265",4.4,"52,811 Ratings "," 3,705 Reviews"
70,"vivo T2 Pro 5G (Dune Gold, 256 GB)",8 GB RAM | 256 GB ROM17.22 cm (6.78 inch) Full HD+ Display64MP + 2MP | 16MP Front Camera4600 mAh BatteryDimensity 7200 Processor1 Year Manufacturer Warranty for Phone and 6 Months Warranty for In the Box Accessories,"₹24,999",4.5,"69,096 Ratings "," 6,099 Reviews"
71,"Motorola G34 5G (Ice Blue, 128 GB)",4 GB RAM | 128 GB ROM16.51 cm (6.5 inch) HD+ Display50MP + 2MP | 16MP Front Camera5000 mAh BatterySnapdragon 695 5G Processor1 Year on Handset and 6 Months on Accessories,"₹10,999",4.2,"8,640 Ratings ", 970 Reviews
72,"realme C51 (Mint Green, 128 GB)",4 GB RAM | 128 GB ROM | Expandable Upto 2 TB17.12 cm (6.74 inch) HD Display50MP + 0.08MP | 5MP Front Camera5000 mAh BatteryT612 Processor1 Year Manufacturer Warranty for Phone and 6 Months Warranty for In the Box Accessories,"₹8,999",4.3,"68,543 Ratings "," 2,996 Reviews"
73,"vivo T2 Pro 5G (Dune Gold, 128 GB)",8 GB RAM | 128 GB ROM17.22 cm (6.78 inch) Full HD+ Display64MP + 2MP | 16MP Front Camera4600 mAh BatteryDimensity 7200 Processor1 Year Manufacturer Warranty for Phone and 6 Months Warranty for In the Box Accessories,"₹23,999",4.5,"69,096 Ratings "," 6,099 Reviews"
74,"vivo T2 Pro 5G (New Moon Black, 256 GB)",8 GB RAM | 256 GB ROM17.22 cm (6.78 inch) Full HD+ Display64MP + 2MP | 16MP Front Camera4600 mAh BatteryDimensity 7200 Processor1 Year Manufacturer Warranty for Phone and 6 Months Warranty for In the Box Accessories,"₹24,999",4.5,"69,096 Ratings "," 6,099 Reviews"
75,"vivo T2 Pro 5G (New Moon Black, 128 GB)",8 GB RAM | 128 GB ROM17.22 cm (6.78 inch) Full HD+ Display64MP + 2MP | 16MP Front Camera4600 mAh BatteryDimensity 7200 Processor1 Year Manufacturer Warranty for Phone and 6 Months Warranty for In the Box Accessories,"₹23,999",4.5,"69,096 Ratings "," 6,099 Reviews"
76,"POCO M6 Pro 5G (Forest Green, 256 GB)",8 GB RAM | 256 GB ROM | Expandable Upto 1 TB17.25 cm (6.79 inch) Full HD+ Display50MP + 2MP | 8MP Front Camera5000 mAh BatterySnapdragon 4 Gen 2 Processor1 Year Manufacturer Warranty for Phone and 6 Months Warranty for In the Box Accessories,"₹12,999",4.2,"7,026 Ratings ", 580 Reviews
77,"Infinix Note 30 5G (Sunset Gold, 128 GB)",4 GB RAM | 128 GB ROM | Expandable Upto 2 TB17.22 cm (6.78 inch) Full HD+ Display108 MP + 2 MP+ AI Lens | 16MP Front Camera5000 mAh Li-ion Polymer BatteryDimensity 6080 Processor1 Year on Handset and 6 Months on Accessories,"₹14,999",4.1,"4,182 Ratings ", 440 Reviews
78,"vivo T2x 5G (Black Gladiator, 128 GB)",8 GB RAM | 128 GB ROM16.71 cm (6.58 inch) Full HD+ Display50MP + 2MP | 8MP Front Camera5000 mAh BatteryMediatek Dimensity 6020 Processor1 Year of Device & 6 Months for Inbox Accessories,"₹14,999",4.3,"62,930 Ratings "," 3,777 Reviews"
79,"realme 12 Pro 5G (Navigator Beige, 256 GB)",8 GB RAM | 256 GB ROM17.02 cm (6.7 inch) Full HD+ Display50MP + 8MP + 32MP | 16MP Front Camera5000 mAh BatterySnapdragon 6 Gen 1 Processor1 Year Manufacturer Warranty for Device and 6 Months Manufacturer Warranty for Inbox Accessories,"₹26,999",4.5,"2,945 Ratings ", 441 Reviews
80,"POCO M6 Pro 5G (Forest Green, 128 GB)",4 GB RAM | 128 GB ROM | Expandable Upto 1 TB17.25 cm (6.79 inch) Full HD+ Display50MP + 2MP | 8MP Front Camera5000 mAh BatterySnapdragon 4 Gen 2 Processor1 Year Manufacturer Warranty for Phone and 6 Months Warranty for In the Box Accessories,"₹10,499",4.3,"56,215 Ratings "," 3,806 Reviews"
81,"POCO M6 Pro 5G (Power Black, 128 GB)",6 GB RAM | 128 GB ROM | Expandable Upto 1 TB17.25 cm (6.79 inch) Full HD+ Display50MP + 2MP | 8MP Front Camera5000 mAh BatterySnapdragon 4 Gen 2 Processor1 Year Manufacturer Warranty for Phone and 6 Months Warranty for In the Box Accessories,"₹11,499",4.3,"69,021 Ratings "," 4,624 Reviews"
82,"realme 11x 5G (Midnight Black, 128 GB)",8 GB RAM | 128 GB ROM | Expandable Upto 2 TB17.07 cm (6.72 inch) Full HD+ Display64MP + 2MP | 8MP Front Camera5000 mAh BatteryDimensity 6100+ Processor1 Year Manufacturer Warranty for Phone and 6 Months Warranty for In the Box Accessories,"₹14,999",4.3,"13,791 Ratings ", 917 Reviews
83,"realme 12 Pro 5G (Submarine Blue, 128 GB)",8 GB RAM | 128 GB ROM17.02 cm (6.7 inch) Full HD+ Display50MP + 8MP + 32MP | 16MP Front Camera5000 mAh BatterySnapdragon 6 Gen 1 Processor1 Year Manufacturer Warranty for Device and 6 Months Manufacturer Warranty for Inbox Accessories,"₹25,999",4.5,"2,945 Ratings ", 441 Reviews
84,"realme 12 Pro 5G (Submarine Blue, 256 GB)",8 GB RAM | 256 GB ROM17.02 cm (6.7 inch) Full HD+ Display50MP + 8MP + 32MP | 16MP Front Camera5000 mAh BatterySnapdragon 6 Gen 1 Processor1 Year Manufacturer Warranty for Device and 6 Months Manufacturer Warranty for Inbox Accessories,"₹26,999",4.5,"2,945 Ratings ", 441 Reviews
85,"realme C53 (Champion Black, 64 GB)",6 GB RAM | 64 GB ROM | Expandable Upto 2 TB17.12 cm (6.74 inch) HD Display108MP + 2MP | 8MP Front Camera5000 mAh BatteryT612 Processor1 Year Manufacturer Warranty for Phone and 6 Months Warranty for In the Box Accessories,"₹8,999",4.4,"1,01,937 Ratings "," 4,640 Reviews"
86,"realme 12 Pro 5G (Navigator Beige, 128 GB)",8 GB RAM | 128 GB ROM17.02 cm (6.7 inch) Full HD+ Display50MP + 8MP + 32MP | 16MP Front Camera5000 mAh BatterySnapdragon 6 Gen 1 Processor1 Year Manufacturer Warranty for Device and 6 Months Manufacturer Warranty for Inbox Accessories,"₹25,999",4.5,"2,945 Ratings ", 441 Reviews
87,"REDMI 12 5G (Pastel Blue, 256 GB)",8 GB RAM | 256 GB ROM | Expandable Upto 1 TB17.25 cm (6.79 inch) Full HD+ Display50MP + 2MP | 8MP Front Camera5000 mAh BatterySnapdragon 4 Gen 2 Processor1 Year Manufacturer Warranty for Phone and 6 Months Warranty for In the Box Accessories,"₹14,999",4.2,"9,303 Ratings ", 689 Reviews
88,"vivo T2x 5G (Black Gladiator, 128 GB)",6 GB RAM | 128 GB ROM16.71 cm (6.58 inch) Full HD+ Display50MP + 2MP | 8MP Front Camera5000 mAh BatteryMediatek Dimensity 6020 Processor1 Year of Device & 6 Months for Inbox Accessories,"₹12,999",4.4,"3,45,370 Ratings "," 19,420 Reviews"
89,"REDMI A2 (Classic Black, 64 GB)",2 GB RAM | 64 GB ROM | Expandable Upto 1 TB16.56 cm (6.52 inch) HD+ Display8MP Rear Camera | 5MP Front Camera5000 mAh BatteryHelio G36 Processor1 Year Manufacturer Warranty for Phone and 6 Months Warranty for In the Box Accessories,"₹5,299",4.2,"6,279 Ratings ", 369 Reviews
90,"realme C51 (Carbon Black, 64 GB)",4 GB RAM | 64 GB ROM | Expandable Upto 2 TB17.12 cm (6.74 inch) HD Display50MP + 0.08MP | 5MP Front Camera5000 mAh BatteryT612 Processor1 Year Manufacturer Warranty for Phone and 6 Months Warranty for In the Box Accessories,"₹7,999",4.3,"68,543 Ratings "," 2,996 Reviews"
91,"realme C51 (Mint Green, 64 GB)",4 GB RAM | 64 GB ROM | Expandable Upto 2 TB17.12 cm (6.74 inch) HD Display50MP + 0.08MP | 5MP Front Camera5000 mAh BatteryT612 Processor1 Year Manufacturer Warranty for Phone and 6 Months Warranty for In the Box Accessories,"₹7,999",4.3,"68,543 Ratings "," 2,996 Reviews"
92,"realme C53 (Champion Gold, 128 GB)",6 GB RAM | 128 GB ROM | Expandable Upto 2 TB17.12 cm (6.74 inch) HD Display108MP + 2MP | 8MP Front Camera5000 mAh BatteryT612 Processor1 Year Manufacturer Warranty for Phone and 6 Months Warranty for In the Box Accessories,"₹10,999",4.4,"1,01,937 Ratings "," 4,640 Reviews"
93,"Apple iPhone 13 (Pink, 128 GB)",128 GB ROM15.49 cm (6.1 inch) Super Retina XDR Display12MP + 12MP | 12MP Front CameraA15 Bionic Chip ProcessorBrand Warranty for 1 Year,"₹52,999",4.7,"2,77,469 Ratings "," 13,511 Reviews"
94,"OnePlus Nord CE 2 Lite 5G (Blue Tide, 128 GB)",6 GB RAM | 128 GB ROM16.74 cm (6.59 inch) Display64MP Rear Camera | 16MP Front Camera5000 mAh Battery12 Months,"₹18,185",4.4,"1,52,256 Ratings "," 10,447 Reviews"
95,"POCO X6 5G (Mirror Black, 256 GB)",8 GB RAM | 256 GB ROM16.94 cm (6.67 inch) Display64MP + 8MP + 2MP | 16MP Front Camera5100 mAh Battery7s Gen 2 Mobile Platform 5G Processor1 Year Manufacturer Warranty for Phone and 6 Months Warranty for In the Box Accessories,"₹21,999",4.3,"3,382 Ratings ", 569 Reviews
96,"vivo T2x 5G (Sunstone Orange, 128 GB)",6 GB RAM | 128 GB ROM16.71 cm (6.58 inch) Full HD+ Display50MP + 2MP | 8MP Front Camera5000 mAh BatteryMediatek Dimensity 6020 Processor1 Year of Device & 6 Months for Inbox Accessories,"₹12,999",4.4,"3,45,370 Ratings "," 19,420 Reviews"
97,"REDMI 13C (Starshine Green, 128 GB)",4 GB RAM | 128 GB ROM | Expandable Upto 1 TB17.12 cm (6.74 inch) HD+ Display50MP Rear Camera | 8MP Front Camera5000 mAh BatteryHelio G85 Processor1 Year Manufacturer Warranty for Phone and 6 Months Warranty for In the Box Accessories,"₹7,999",4.3,764 Ratings , 51 Reviews
98,"POCO C51 (Power Black, 128 GB)",6 GB RAM | 128 GB ROM | Expandable Upto 1 TB16.56 cm (6.52 inch) HD+ Display8MP Rear Camera | 5MP Front Camera5000 mAh Lithium Polymer BatteryHelio G36 Processor1 Year Manufacturer Warranty for Phone and 6 Months Warranty for In the Box Accessories,"₹6,499",4.1,"6,451 Ratings ", 347 Reviews
99,"POCO M6 5G (Orion Blue, 256 GB)",8 GB RAM | 256 GB ROM | Expandable Upto 1 TB17.12 cm (6.74 inch) HD+ Display50MP Rear Camera5000 mAh BatteryMediatek Dimensity 6100+ Processor1 Year Manufacturer Warranty for Phone and 6 Months Warranty for In the Box Accessories,"₹11,999",4.3,"1,351 Ratings ", 103 Reviews
100,"SAMSUNG Galaxy M14 5G (Smoky Teal, 128 GB)",6 GB RAM | 128 GB ROM16.76 cm (6.6 inch) Display50MP Rear Camera6000 mAh Battery1 year manufacturer for handset and 6 month for accessories,"₹11,989",4.2,"15,435 Ratings "," 1,047 Reviews"
101,"realme 11 5G (Glory Gold, 128 GB)",8 GB RAM | 128 GB ROM | Expandable Upto 2 TB17.07 cm (6.72 inch) Full HD+ Display108MP + 2MP | 16MP Front Camera5000 mAh BatteryDimensity 6100+ Processor1 Year Manufacturer Warranty for Phone and 6 Months Warranty for In the Box Accessories,"₹15,999",4.3,"54,772 Ratings "," 4,310 Reviews"
102,"Motorola e13 (Aurora Green, 64 GB)",4 GB RAM | 64 GB ROM | Expandable Upto 1 TB16.51 cm (6.5 inch) HD+ Display13MP Rear Camera | 5MP Front Camera5000 mAh BatteryUnisoc T606 Processor1 Year on Handset and 6 Months on Accessories,"₹6,499",4.1,"94,544 Ratings "," 7,427 Reviews"
103,"realme 11x 5G (Midnight Black, 128 GB)",6 GB RAM | 128 GB ROM | Expandable Upto 2 TB17.07 cm (6.72 inch) Full HD+ Display64MP + 2MP | 8MP Front Camera5000 mAh BatteryDimensity 6100+ Processor1 Year Manufacturer Warranty for Phone and 6 Months Warranty for In the Box Accessories,"₹14,999",4.4,"1,15,836 Ratings "," 7,373 Reviews"
104,"Motorola G32 (Mineral Gray, 128 GB)",8 GB RAM | 128 GB ROM16.51 cm (6.5 inch) Full HD+ Display50MP + 8MP + 2MP | 16MP Front Camera5000 mAh Lithium Polymer BatteryQualcomm Snapdragon 680 Processor1 Year on Handset and 6 Months on Accessories,"₹9,999",4.1,"1,10,720 Ratings "," 9,254 Reviews"
105,"realme C53 (Champion Gold, 64 GB)",6 GB RAM | 64 GB ROM | Expandable Upto 2 TB17.12 cm (6.74 inch) HD Display108MP + 2MP | 8MP Front Camera5000 mAh BatteryT612 Processor1 Year Manufacturer Warranty for Phone and 6 Months Warranty for In the Box Accessories,"₹8,999",4.4,"1,01,937 Ratings "," 4,640 Reviews"
106,"realme C51 (Carbon Black, 128 GB)",4 GB RAM | 128 GB ROM | Expandable Upto 2 TB17.12 cm (6.74 inch) HD Display50MP + 0.08MP | 5MP Front Camera5000 mAh BatteryT612 Processor1 Year Manufacturer Warranty for Phone and 6 Months Warranty for In the Box Accessories,"₹8,999",4.3,"68,543 Ratings "," 2,996 Reviews"
107,"realme 11 5G (Glory Black, 128 GB)",8 GB RAM | 128 GB ROM | Expandable Upto 2 TB17.07 cm (6.72 inch) Full HD+ Display108MP + 2MP | 16MP Front Camera5000 mAh BatteryDimensity 6100+ Processor1 Year Manufacturer Warranty for Phone and 6 Months Warranty for In the Box Accessories,"₹15,999",4.3,"54,772 Ratings "," 4,310 Reviews"
108,SAMSUNG Guru Music 2 SM-B315E,Expandable Upto 16 GB5.08 cm (2 inch) QVGA Display0MP Front Camera800 mAh Battery0 0 0 208MHz Processor1 Year Manufacturer's Warranty,"₹1,247",4,"12,376 Ratings ", 865 Reviews
109,"Motorola G34 5G (Charcoal Black, 128 GB)",4 GB RAM | 128 GB ROM16.51 cm (6.5 inch) HD+ Display50MP + 2MP | 16MP Front Camera5000 mAh BatterySnapdragon 695 5G Processor1 Year on Handset and 6 Months on Accessories,"₹10,999",4.2,"8,640 Ratings ", 970 Reviews
110,"POCO M5 (Power Black, 128 GB)","6 GB RAM | 128 GB ROM | Expandable Upto 512 GB16.71 cm (6.58 inch) Full HD+ Display50MP + 2MP Depth Sensor + 2MP Macro Sensor | 8MP Front Camera5000 mAh Lithium-ion Polymer BatteryMediatek Helio G99 Processor1 Year for Handset, 6 Months for Accessories","₹8,499",4.2,"18,054 Ratings "," 1,278 Reviews"
111,"REDMI 12 (Jade Black, 128 GB)",4 GB RAM | 128 GB ROM | Expandable Upto 1 TB17.25 cm (6.79 inch) Full HD+ Display50MP + 8MP + 2MP | 8MP Front Camera5000 mAh BatteryHelio G88 Processor1 Year Manufacturer Warranty for Phone and 6 Months Warranty for in the Box Accessories,"₹9,499",4.3,"93,827 Ratings "," 5,124 Reviews"
112,"Motorola g84 5G (Viva Magenta, 256 GB)",12 GB RAM | 256 GB ROM16.64 cm (6.55 inch) Full HD+ Display50MP (OIS) + 8MP | 16MP Front Camera5000 mAh BatterySnapdragon 695 Processor1 Year on Handset and 6 Months on Accessories,"₹17,999",4.2,"31,159 Ratings "," 3,230 Reviews"
113,"SAMSUNG Galaxy M14 5G (Icy Silver, 128 GB)",6 GB RAM | 128 GB ROM16.76 cm (6.6 inch) Display50MP Rear Camera6000 mAh Battery1 year,"₹11,998",4.2,"15,435 Ratings "," 1,047 Reviews"
114,"Apple iPhone 13 (Green, 128 GB)",128 GB ROM15.49 cm (6.1 inch) Super Retina XDR Display12MP + 12MP | 12MP Front CameraA15 Bionic Chip ProcessorBrand Warranty for 1 Year,"₹52,999",4.7,"2,77,469 Ratings "," 13,511 Reviews"
115,"realme 11x 5G (Purple Dawn, 128 GB)",8 GB RAM | 128 GB ROM | Expandable Upto 2 TB17.07 cm (6.72 inch) Full HD+ Display64MP + 2MP | 8MP Front Camera5000 mAh BatteryDimensity 6100+ Processor1 Year Manufacturer Warranty for Phone and 6 Months Warranty for In the Box Accessories,"₹14,999",4.3,"13,791 Ratings ", 917 Reviews
116,SAMSUNG Guru Music 2,NA ROM | Expandable Upto 16 GB5.08 cm (2 inch) QVGA Display0MP Front Camera800 mAh Li-Ion BatteryNA 0 Single Core 208MHz ProcessorNo care warranty,"₹1,247",4.2,"2,21,127 Ratings "," 20,059 Reviews"
117,"POCO M6 5G (Galactic Black, 128 GB)",4 GB RAM | 128 GB ROM | Expandable Upto 1 TB17.12 cm (6.74 inch) HD+ Display50MP Rear Camera5000 mAh BatteryMediatek Dimensity 6100+ Processor1 Year Manufacturer Warranty for Phone and 6 Months Warranty for In the Box Accessories,"₹9,499",4.3,"8,391 Ratings ", 575 Reviews
118,"SAMSUNG Galaxy F13 (Nightsky Green, 64 GB)",4 GB RAM | 64 GB ROM | Expandable Upto 1 TB16.76 cm (6.6 inch) Full HD+ Display50MP + 5MP + 2MP | 8MP Front Camera6000 mAh Lithium Ion BatteryExynos 850 Processor1 Year Warranty Provided By the Manufacturer from Date of Purchase,"₹7,499",4.3,"2,00,330 Ratings "," 11,508 Reviews"
119,"SAMSUNG Galaxy F13 (Sunrise Copper, 64 GB)",4 GB RAM | 64 GB ROM | Expandable Upto 1 TB16.76 cm (6.6 inch) Full HD+ Display50MP + 5MP + 2MP | 8MP Front Camera6000 mAh Lithium Ion BatteryExynos 850 Processor1 Year Warranty Provided By the Manufacturer from Date of Purchase,"₹7,499",4.3,"2,00,330 Ratings "," 11,508 Reviews"
120,"Nothing Phone (2) (Dark Grey, 512 GB)",12 GB RAM | 512 GB ROM17.02 cm (6.7 inch) Full HD+ Display50 MP(OIS) +50MP | 32MP Front Camera4700 mAh Lithium ion BatteryQualcomm Snapdragon 8+ Gen 1 ProcessorLTPO AMOLED (1 Hz - 120 Hz)1 Year Manufacturing Warranty,"₹38,999",4.4,"11,570 Ratings "," 1,473 Reviews"
121,"REDMI Note 13 Pro 5G (Coral Purple, 128 GB)",8 GB RAM | 128 GB ROM16.94 cm (6.67 inch) Display200MP (OIS) + 8MP + 2MP | 16MP Front Camera5100 mAh Battery7s Gen 2 Mobile Platform 5G Processor1 Year Manufacturer Warranty for Phone and 6 Months Warranty for In the Box Accessories,"₹25,999",4.3,"5,655 Ratings ", 672 Reviews
122,"OnePlus Nord CE 3 Lite 5G (Chromatic Gray, 128 GB)",8 GB RAM | 128 GB ROM17.07 cm (6.72 inch) Display108MP Rear Camera5000 mAh BatteryDomestic Warranty of 12 months on phone & 6 months on accessories,"₹19,133",4.4,"52,811 Ratings "," 3,705 Reviews"
123,"POCO M6 Pro 5G (Power Black, 256 GB)",8 GB RAM | 256 GB ROM | Expandable Upto 1 TB17.25 cm (6.79 inch) Full HD+ Display50MP + 2MP | 8MP Front Camera5000 mAh BatterySnapdragon 4 Gen 2 Processor1 Year Manufacturer Warranty for Phone and 6 Months Warranty for In the Box Accessories,"₹12,999",4.2,"7,026 Ratings ", 580 Reviews
124,"POCO C65 (Pastel Blue, 128 GB)",4 GB RAM | 128 GB ROM | Expandable Upto 1 TB17.12 cm (6.74 inch) HD+ Display50MP + AI Lens + 2MP | 8MP Front Camera5000 mAh BatteryHelio G85 Processor1 Year Manufacturer Warranty for Phone and 6 Months Warranty for in the Box Accessories,"₹7,499",4.2,"6,564 Ratings ", 511 Reviews
125,"POCO X6 Pro 5G (Spectre Black, 512 GB)",12 GB RAM | 512 GB ROM16.94 cm (6.67 inch) Display64MP + 8MP + 2MP | 16MP Front Camera5000 mAh BatteryDimensity D8300 Ultra Processor1 Year Manufacturer Warranty for Phone and 6 Months Warranty for In the Box Accessories,"₹28,999",4.4,"1,887 Ratings ", 358 Reviews
126,"POCO X6 Pro 5G (Yellow, 256 GB)",8 GB RAM | 256 GB ROM16.94 cm (6.67 inch) Display64MP + 8MP + 2MP | 16MP Front Camera5000 mAh BatteryDimensity D8300 Ultra Processor1 Year Manufacturer Warranty for Phone and 6 Months Warranty for In the Box Accessories,"₹26,999",4.2,"2,281 Ratings ", 458 Reviews
127,"Infinix SMART 8 (Shiny Gold, 64 GB)",4 GB RAM | 64 GB ROM | Expandable Upto 2 TB16.76 cm (6.6 inch) HD+ Display50MP + AI Lens | 8MP Front Camera5000 mAh BatteryHelio G36 Processor1 Year on Handset and 6 Months on Accessories,"₹7,099",4.3,"3,873 Ratings ", 353 Reviews
128,"Infinix HOT 30i (Glacier Blue, 128 GB)",8 GB RAM | 128 GB ROM | Expandable Upto 1 TB16.76 cm (6.6 inch) HD+ Display50MP + AI Lens | 5MP Front Camera5000 mAh BatteryG37 Processor1 Year on Handset and 6 Months on Accessories,"₹9,499",4.2,"1,43,901 Ratings "," 8,129 Reviews"
129,"Infinix SMART 8 (Rainbow Blue, 64 GB)",4 GB RAM | 64 GB ROM | Expandable Upto 2 TB16.76 cm (6.6 inch) HD+ Display50MP + AI Lens | 8MP Front Camera5000 mAh BatteryHelio G36 Processor1 Year on Handset and 6 Months on Accessories,"₹7,099",4.3,"3,873 Ratings ", 353 Reviews
130,SAMSUNG GURU MUSIC 2,8 MB RAM | 0 GB ROM | Expandable Upto 16 GB5.08 cm (2 inch) QVGA Display0MP | 0MP Front Camera800 mAh Battery0 0 0 208MHz Processor1 Year Manufacturer's Warranty,"₹1,295",3.9,"5,892 Ratings ", 460 Reviews
131,"Infinix Note 30 5G (Magic Black, 128 GB)",4 GB RAM | 128 GB ROM | Expandable Upto 2 TB17.22 cm (6.78 inch) Full HD+ Display108 MP + 2 MP+ AI Lens | 16MP Front Camera5000 mAh Li-ion Polymer BatteryDimensity 6080 Processor1 Year on Handset and 6 Months on Accessories,"₹14,999",4.1,"4,182 Ratings ", 440 Reviews
132,"Infinix HOT 30i (Diamond White, 128 GB)",8 GB RAM | 128 GB ROM | Expandable Upto 1 TB16.76 cm (6.6 inch) HD+ Display50MP + AI Lens | 5MP Front Camera5000 mAh BatteryG37 Processor1 Year on Handset and 6 Months on Accessories,"₹9,499",4.2,"1,43,901 Ratings "," 8,129 Reviews"
133,"Infinix SMART 8 HD (Shiny Gold, 64 GB)",3 GB RAM | 64 GB ROM | Expandable Upto 2 TB16.76 cm (6.6 inch) HD+ Display13MP + AI Lens | 8MP Front Camera5000 mAh BatteryT606 Processor1 Year on Handset and 6 Months on Accessories,"₹6,399",4.3,"16,907 Ratings "," 1,456 Reviews"
134,"Infinix SMART 8 HD (Galaxy White, 64 GB)",3 GB RAM | 64 GB ROM | Expandable Upto 2 TB16.76 cm (6.6 inch) HD+ Display13MP + AI Lens | 8MP Front Camera5000 mAh BatteryT606 Processor1 Year on Handset and 6 Months on Accessories,"₹6,399",4.3,"16,907 Ratings "," 1,456 Reviews"
135,SAMSUNG Guru Music 2,NA ROM | Expandable Upto 16 GB5.08 cm (2 inch) QVGA Display0MP Front Camera800 mAh BatteryNA 0 Single Core 208MHz ProcessorNo Warranty,"₹1,340",4.2,"2,21,127 Ratings "," 20,059 Reviews"
136,SAMSUNG Guru Music 2,NA ROM5.08 cm (2 inch) NA Display800 mAh Battery1 Year Manufacturer Warranty,"₹1,424",4.2,"2,21,127 Ratings "," 20,059 Reviews"
137,"Apple iPhone 14 Plus (Blue, 128 GB)","128 GB ROM17.02 cm (6.7 inch) Super Retina XDR Display12MP + 12MP | 12MP Front CameraA15 Bionic Chip, 6 Core Processor Processor1 Year Warranty for Phone and 6 Months Warranty for In-Box Accessories","₹65,999",4.6,"61,595 Ratings "," 3,640 Reviews"
138,"Apple iPhone 15 Plus (Black, 128 GB)","128 GB ROM17.02 cm (6.7 inch) Super Retina XDR Display48MP + 12MP | 12MP Front CameraA16 Bionic Chip, 6 Core Processor Processor1 Year Warranty for Phone and 6 Months Warranty for In-Box Accessories","₹82,999",4.6,"3,015 Ratings ", 319 Reviews
139,"REDMI A2 (Aqua Blue, 64 GB)",4 GB RAM | 64 GB ROM | Expandable Upto 1 TB16.56 cm (6.52 inch) HD+ Display8MP Rear Camera | 5MP Front Camera5000 mAh BatteryHelio G36 Processor1 Year Manufacturer Warranty for Phone and 6 Months Warranty for In the Box Accessories,"₹6,980",4.2,"19,694 Ratings "," 1,126 Reviews"
140,"REDMI 12 (Jade Black, 128 GB)",6 GB RAM | 128 GB ROM | Expandable Upto 1 TB17.25 cm (6.79 inch) Full HD+ Display50MP + 8MP + 2MP | 8MP Front Camera5000 mAh BatteryHelio G88 Processor1 Year Manufacturer Warranty for Phone and 6 Months Warranty for in the Box Accessories,"₹10,499",4.2,"38,578 Ratings "," 2,720 Reviews"
141,"realme 12 Pro+ 5G (Submarine Blue, 256 GB)",12 GB RAM | 256 GB ROM17.02 cm (6.7 inch) Full HD+ Display50MP + 8MP + 64MP | 32MP Front Camera5000 mAh BatterySnapdragon 7s Gen 2 Processor1 Year Manufacturer Warranty for Device and 6 Months Manufacturer Warranty for Inbox Accessories,"₹33,999",4.5,635 Ratings , 99 Reviews
142,"realme 12 Pro+ 5G (Navigator Beige, 256 GB)",12 GB RAM | 256 GB ROM17.02 cm (6.7 inch) Full HD+ Display50MP + 8MP + 64MP | 32MP Front Camera5000 mAh BatterySnapdragon 7s Gen 2 Processor1 Year Manufacturer Warranty for Device and 6 Months Manufacturer Warranty for Inbox Accessories,"₹33,999",4.5,635 Ratings , 99 Reviews
143,"Infinix SMART 8 HD (Timber Black, 64 GB)",3 GB RAM | 64 GB ROM | Expandable Upto 2 TB16.76 cm (6.6 inch) HD+ Display13MP + AI Lens | 8MP Front Camera5000 mAh BatteryT606 Processor1 Year on Handset and 6 Months on Accessories,"₹6,399",4.3,"16,907 Ratings "," 1,456 Reviews"
144,"REDMI 12 (Jade Black, 128 GB)",6 GB RAM | 128 GB ROM | Expandable Upto 1 TB17.25 cm (6.79 inch) Full HD+ Display50MP + 8MP + 2MP | 8MP Front Camera5000 mAh BatteryHelio G88 Processor1 Year Manufacturer Warranty for Phone and 6 Months Warranty for in the Box Accessories,"₹10,499",4.2,"38,578 Ratings "," 2,720 Reviews"
145,"Apple iPhone 15 Plus (Black, 128 GB)","128 GB ROM17.02 cm (6.7 inch) Super Retina XDR Display48MP + 12MP | 12MP Front CameraA16 Bionic Chip, 6 Core Processor Processor1 Year Warranty for Phone and 6 Months Warranty for In-Box Accessories","₹82,999",4.6,"3,015 Ratings ", 319 Reviews
146,"realme 12 Pro+ 5G (Submarine Blue, 256 GB)",8 GB RAM | 256 GB ROM17.02 cm (6.7 inch) Full HD+ Display50MP + 8MP + 64MP | 32MP Front Camera5000 mAh BatterySnapdragon 7s Gen 2 Processor1 Year Manufacturer Warranty for Device and 6 Months Manufacturer Warranty for Inbox Accessories,"₹31,999",4.5,"2,525 Ratings ", 517 Reviews
147,"realme 12 Pro+ 5G (Navigator Beige, 256 GB)",8 GB RAM | 256 GB ROM17.02 cm (6.7 inch) Full HD+ Display50MP + 8MP + 64MP | 32MP Front Camera5000 mAh BatterySnapdragon 7s Gen 2 Processor1 Year Manufacturer Warranty for Device and 6 Months Manufacturer Warranty for Inbox Accessories,"₹31,999",4.5,"2,525 Ratings ", 517 Reviews
148,"REDMI 12 5G (Moonstone Silver, 256 GB)",8 GB RAM | 256 GB ROM | Expandable Upto 1 TB17.25 cm (6.79 inch) Full HD+ Display50MP + 2MP | 8MP Front Camera5000 mAh BatterySnapdragon 4 Gen 2 Processor1 Year Manufacturer Warranty for Phone and 6 Months Warranty for In the Box Accessories,"₹14,999",4.2,"9,303 Ratings ", 689 Reviews
149,"Motorola Edge 40 (Nebula Green, 256 GB)",8 GB RAM | 256 GB ROM16.51 cm (6.5 inch) Full HD+ Display50MP + 13MP | 32MP Front Camera4400 mAh BatteryDimensity 8020 ProcessorVegan Leather1 Year Handset and 6 Months Accessories,"₹26,999",4.3,"73,779 Ratings "," 8,192 Reviews"
150,"realme 12 Pro+ 5G (Submarine Blue, 128 GB)",8 GB RAM | 128 GB ROM17.02 cm (6.7 inch) Full HD+ Display50MP + 8MP + 64MP | 32MP Front Camera5000 mAh BatterySnapdragon 7s Gen 2 Processor1 Year Manufacturer Warranty for Device and 6 Months Manufacturer Warranty for Inbox Accessories,"₹29,999",4.5,"2,525 Ratings ", 517 Reviews
151,"Infinix HOT 30i (Mirror Black, 128 GB)",8 GB RAM | 128 GB ROM | Expandable Upto 1 TB16.76 cm (6.6 inch) HD+ Display50MP + AI Lens | 5MP Front Camera5000 mAh BatteryG37 Processor1 Year on Handset and 6 Months on Accessories,"₹9,499",4.2,"1,43,901 Ratings "," 8,129 Reviews"
152,"Infinix SMART 8 (Timber Black, 64 GB)",4 GB RAM | 64 GB ROM | Expandable Upto 2 TB16.76 cm (6.6 inch) HD+ Display50MP + AI Lens | 8MP Front Camera5000 mAh BatteryHelio G36 Processor1 Year on Handset and 6 Months on Accessories,"₹7,099",4.3,"3,873 Ratings ", 353 Reviews
153,"Infinix SMART 8 (Galaxy White, 64 GB)",4 GB RAM | 64 GB ROM | Expandable Upto 2 TB16.76 cm (6.6 inch) HD+ Display50MP + AI Lens | 8MP Front Camera5000 mAh BatteryHelio G36 Processor1 Year on Handset and 6 Months on Accessories,"₹7,099",4.3,"3,873 Ratings ", 353 Reviews
154,"realme Narzo N53 (Feather Black, 128 GB)",6 GB RAM | 128 GB ROM17.12 cm (6.74 inch) Display50MP Rear Camera5000 mAh BatteryDomestic 1 Year on Handset and 6 Months on Accessories,"₹10,990",4.2,"4,483 Ratings ", 229 Reviews
155,"POCO C51 - Locked with Airtel Prepaid (Royal Blue, 64 GB)",4 GB RAM | 64 GB ROM | Expandable Upto 1 TB16.56 cm (6.52 inch) HD+ Display8MP Dual Rear Camera | 5MP Front Camera5000 mAh BatteryHelio G36 Processor1 Year Manufacturer Warranty for Phone and 6 Months Warranty for in the Box Accessories,"₹4,999",4,"1,80,462 Ratings "," 10,048 Reviews"
156,"Motorola Edge 40 (Eclipse Black, 256 GB)",8 GB RAM | 256 GB ROM16.51 cm (6.5 inch) Full HD+ Display50MP + 13MP | 32MP Front Camera4400 mAh BatteryDimensity 8020 ProcessorVegan Leather1 Year Handset and 6 Months Accessories,"₹26,999",4.3,"73,779 Ratings "," 8,192 Reviews"
157,"Infinix Note 30 5G (Sunset Gold, 256 GB)",8 GB RAM | 256 GB ROM | Expandable Upto 2 TB17.22 cm (6.78 inch) Full HD+ Display108 MP + 2 MP+ AI Lens | 16MP Front Camera5000 mAh Li-ion Polymer BatteryDimensity 6080 Processor1 Year on Handset and 6 Months on Accessories,"₹14,999",4.2,"81,906 Ratings "," 8,925 Reviews"
158,"Infinix Note 30 5G (Interstellar Blue, 256 GB)",8 GB RAM | 256 GB ROM | Expandable Upto 2 TB17.22 cm (6.78 inch) Full HD+ Display108 MP + 2 MP+ AI Lens | 16MP Front Camera5000 mAh Li-ion Polymer BatteryDimensity 6080 Processor1 Year on Handset and 6 Months on Accessories,"₹14,999",4.2,"81,906 Ratings "," 8,925 Reviews"
159,"Infinix Note 30 5G (Magic Black, 256 GB)",8 GB RAM | 256 GB ROM | Expandable Upto 2 TB17.22 cm (6.78 inch) Full HD+ Display108 MP + 2 MP+ AI Lens | 16MP Front Camera5000 mAh Li-ion Polymer BatteryDimensity 6080 Processor1 Year on Handset and 6 Months on Accessories,"₹14,999",4.2,"81,906 Ratings "," 8,925 Reviews"
160,"REDMI A2 (Sea Green, 64 GB)",4 GB RAM | 64 GB ROM | Expandable Upto 1 TB16.56 cm (6.52 inch) HD+ Display8MP Rear Camera | 5MP Front Camera5000 mAh BatteryHelio G36 Processor1 Year Manufacturer Warranty for Phone and 6 Months Warranty for In the Box Accessories,"₹6,827",4.2,"19,694 Ratings "," 1,126 Reviews"
161,"POCO M6 5G (Galactic Black, 128 GB)",6 GB RAM | 128 GB ROM | Expandable Upto 1 TB17.12 cm (6.74 inch) HD+ Display50MP Rear Camera5000 mAh BatteryMediatek Dimensity 6100+ Processor1 Year Manufacturer Warranty for Phone and 6 Months Warranty for In the Box Accessories,"₹10,499",4.3,"5,924 Ratings ", 368 Reviews
162,"REDMI 12 5G (Pastel Blue, 128 GB)",6 GB RAM | 128 GB ROM | Expandable Upto 1 TB17.25 cm (6.79 inch) Full HD+ Display50MP + 2MP | 8MP Front Camera5000 mAh BatterySnapdragon 4 Gen 2 Processor1 Year Manufacturer Warranty for Phone and 6 Months Warranty for In the Box Accessories,"₹12,999",4.3,"18,156 Ratings "," 1,180 Reviews"
163,"Motorola G32 (Satin Silver, 128 GB)",8 GB RAM | 128 GB ROM16.51 cm (6.5 inch) Full HD+ Display50MP + 8MP + 2MP | 16MP Front Camera5000 mAh Lithium Polymer BatteryQualcomm Snapdragon 680 Processor1 Year on Handset and 6 Months on Accessories,"₹9,999",4.1,"1,10,720 Ratings "," 9,254 Reviews"
164,"REDMI 12 5G (Jade Black, 128 GB)",6 GB RAM | 128 GB ROM | Expandable Upto 1 TB17.25 cm (6.79 inch) Full HD+ Display50MP + 2MP | 8MP Front Camera5000 mAh BatterySnapdragon 4 Gen 2 Processor1 Year Manufacturer Warranty for Phone and 6 Months Warranty for In the Box Accessories,"₹12,999",4.3,"18,156 Ratings "," 1,180 Reviews"
165,"OnePlus Nord CE 2 Lite 5G (Black Dusk, 128 GB)",6 GB RAM | 128 GB ROM16.74 cm (6.59 inch) Display64MP Rear Camera | 16MP Front Camera5000 mAh Battery12 months,"₹17,689",4.4,"1,52,256 Ratings "," 10,447 Reviews"
166,"realme 11x 5G (Purple Dawn, 128 GB)",6 GB RAM | 128 GB ROM | Expandable Upto 2 TB17.07 cm (6.72 inch) Full HD+ Display64MP + 2MP | 8MP Front Camera5000 mAh BatteryDimensity 6100+ Processor1 Year Manufacturer Warranty for Phone and 6 Months Warranty for In the Box Accessories,"₹14,999",4.4,"1,15,836 Ratings "," 7,373 Reviews"
167,SAMSUNG Guru Music 2,NA ROM5.08 cm (2 inch) NA Display800 mAh Battery0 0 0 208MHz ProcessorNo Warranty,"₹1,320",4.2,"2,21,127 Ratings "," 20,059 Reviews"
168,"REDMI Note 12 Pro 5G (Glacier Blue, 128 GB)",6 GB RAM | 128 GB ROM16.94 cm (6.67 inch) Full HD+ AMOLED Display50MP (OIS) + 8MP + 2MP | 16MP Front Camera5000 mAh Lithium Polymer BatteryMediatek Dimensity 1080 Processor1 Year Manufacturer Warranty for Phone and 6 Months Warranty for In the Box Accessories,"₹21,999",4.2,"54,473 Ratings "," 5,140 Reviews"
169,"realme 11 5G (Glory Black, 256 GB)",8 GB RAM | 256 GB ROM | Expandable Upto 2 TB17.07 cm (6.72 inch) Full HD+ Display108MP + 2MP | 16MP Front Camera5000 mAh BatteryDimensity 6100+ Processor1 Year Manufacturer Warranty for Phone and 6 Months Warranty for In the Box Accessories,"₹17,999",4.3,"54,772 Ratings "," 4,310 Reviews"
170,"realme 11 5G (Glory Gold, 256 GB)",8 GB RAM | 256 GB ROM | Expandable Upto 2 TB17.07 cm (6.72 inch) Full HD+ Display108MP + 2MP | 16MP Front Camera5000 mAh BatteryDimensity 6100+ Processor1 Year Manufacturer Warranty for Phone and 6 Months Warranty for In the Box Accessories,"₹17,999",4.3,"54,772 Ratings "," 4,310 Reviews"
171,"POCO X6 Pro 5G (Spectre Black, 256 GB)",8 GB RAM | 256 GB ROM16.94 cm (6.67 inch) Display64MP + 8MP + 2MP | 16MP Front Camera5000 mAh BatteryDimensity D8300 Ultra Processor1 Year Manufacturer Warranty for Phone and 6 Months Warranty for In the Box Accessories,"₹26,999",4.2,"2,281 Ratings ", 458 Reviews
172,"REDMI 13c 5G (Startrail Silver, 256 GB)",8 GB RAM | 256 GB ROM17.12 cm (6.74 inch) Display50MP Rear Camera5000 mAh Battery1 Year,"₹14,075",4.2,812 Ratings , 61 Reviews
173,"realme C53 (Champion Black, 128 GB)",6 GB RAM | 128 GB ROM | Expandable Upto 2 TB17.12 cm (6.74 inch) HD Display108MP + 2MP | 8MP Front Camera5000 mAh BatteryT612 Processor1 Year Manufacturer Warranty for Phone and 6 Months Warranty for In the Box Accessories,"₹10,999",4.4,"1,01,937 Ratings "," 4,640 Reviews"
174,"Motorola e13 (Creamy White, 64 GB)",4 GB RAM | 64 GB ROM | Expandable Upto 1 TB16.51 cm (6.5 inch) HD+ Display13MP Rear Camera | 5MP Front Camera5000 mAh BatteryUnisoc T606 Processor1 Year on Handset and 6 Months on Accessories,"₹6,499",4.1,"94,544 Ratings "," 7,427 Reviews"
175,SAMSUNG Guru 1200,153 MB RAM | 153 MB ROM3.81 cm (1.5 inch) Display800 mAh Battery0 0 0 0 Processor ProcessorNO Warranty,"₹1,189",3.9,"9,877 Ratings ", 681 Reviews
176,"Apple iPhone 14 (Blue, 256 GB)","256 GB ROM15.49 cm (6.1 inch) Super Retina XDR Display12MP + 12MP | 12MP Front CameraA15 Bionic Chip, 6 Core Processor Processor1 Year Warranty for Phone and 6 Months Warranty for In-Box Accessories","₹66,999",4.6,"2,75,992 Ratings "," 10,824 Reviews"
177,"POCO M5 (Power Black, 64 GB)","4 GB RAM | 64 GB ROM | Expandable Upto 512 GB16.71 cm (6.58 inch) Full HD+ Display50MP + 2MP Depth Sensor + 2MP Macro Sensor | 8MP Front Camera5000 mAh Lithium-ion Polymer BatteryMediatek Helio G99 Processor1 Year for Handset, 6 Months for Accessories","₹7,499",4.1,"38,336 Ratings "," 3,240 Reviews"
178,"Motorola Edge 40 Neo (Peach Fuzz, 256 GB)",12 GB RAM | 256 GB ROM16.64 cm (6.55 inch) Full HD+ Display50MP + 13MP | 32MP Front Camera5000 mAh BatteryDimensity 7030 Processor1 Year on Handset and 6 Months on Accessories,"₹24,999",4.3,"36,576 Ratings "," 4,903 Reviews"
179,"Motorola e13 (Little Boy Blue, 128 GB)",8 GB RAM | 128 GB ROM | Expandable Upto 1 TB16.51 cm (6.5 inch) HD+ Display13MP Rear Camera | 5MP Front Camera5000 mAh BatteryUnisoc T606 Processor1 Year on Handset and 6 Months on Accessories,"₹7,499",4.1,"28,147 Ratings "," 1,734 Reviews"
180,"REDMI 13c 5G (Startrail Silver, 128 GB)",6 GB RAM | 128 GB ROM17.12 cm (6.74 inch) Display50MP Rear Camera5000 mAh Battery1 Year,"₹12,029",4.2,"1,374 Ratings ", 78 Reviews
181,"POCO X6 5G (Snowstorm White, 256 GB)",8 GB RAM | 256 GB ROM16.94 cm (6.67 inch) Display64MP + 8MP + 2MP | 16MP Front Camera5100 mAh Battery7s Gen 2 Mobile Platform 5G Processor1 Year Manufacturer Warranty for Phone and 6 Months Warranty for In the Box Accessories,"₹21,999",4.3,"3,382 Ratings ", 569 Reviews
182,"realme C53 (Champion Gold, 128 GB)",4 GB RAM | 128 GB ROM | Expandable Upto 2 TB17.12 cm (6.74 inch) HD Display108MP + 2MP | 8MP Front Camera5000 mAh BatteryT612 Processor1 Year Manufacturer Warranty for Phone and 6 Months Warranty for In the Box Accessories,"₹8,999",4.1,"19,132 Ratings "," 1,369 Reviews"
183,"Infinix SMART 8 (Galaxy White, 128 GB)",8 GB RAM | 128 GB ROM | Expandable Upto 2 TB16.76 cm (6.6 inch) HD+ Display50MP + AI Lens | 8MP Front Camera5000 mAh BatteryHelio G36 Processor1 Year on Handset and 6 Months on Accessories,"₹8,999",4.4,214 Ratings , 14 Reviews
184,"Motorola g54 5G (Pearl Blue, 256 GB)",12 GB RAM | 256 GB ROM | Expandable Upto 1 TB16.51 cm (6.5 inch) Full HD+ Display50MP (OIS) + 8MP | 16MP Front Camera6000 mAh BatteryDimensity 7020 Processor1 Year on Handset and 6 Months on Accessories,"₹15,999",4.2,"58,864 Ratings "," 5,528 Reviews"
185,"Infinix SMART 8 (Timber Black, 128 GB)",8 GB RAM | 128 GB ROM | Expandable Upto 2 TB16.76 cm (6.6 inch) HD+ Display50MP + AI Lens | 8MP Front Camera5000 mAh BatteryHelio G36 Processor1 Year on Handset and 6 Months on Accessories,"₹8,999",4.4,214 Ratings , 14 Reviews
186,"Infinix SMART 8 (Rainbow Blue, 128 GB)",8 GB RAM | 128 GB ROM | Expandable Upto 2 TB16.76 cm (6.6 inch) HD+ Display50MP + AI Lens | 8MP Front Camera5000 mAh BatteryHelio G36 Processor1 Year on Handset and 6 Months on Accessories,"₹8,999",4.4,214 Ratings , 14 Reviews
187,"Infinix SMART 8 (Shiny Gold, 128 GB)",8 GB RAM | 128 GB ROM | Expandable Upto 2 TB16.76 cm (6.6 inch) HD+ Display50MP + AI Lens | 8MP Front Camera5000 mAh BatteryHelio G36 Processor1 Year on Handset and 6 Months on Accessories,"₹8,999",4.4,214 Ratings , 14 Reviews
188,"REDMI 13C (Starfrost White, 128 GB)",6 GB RAM | 128 GB ROM | Expandable Upto 1 TB17.12 cm (6.74 inch) HD+ Display50MP Rear Camera | 8MP Front Camera5000 mAh BatteryHelio G85 Processor1 Year Manufacturer Warranty for Phone and 6 Months Warranty for In the Box Accessories,"₹8,999",4.2,590 Ratings , 32 Reviews
189,"REDMI 13C (Starshine Green, 128 GB)",6 GB RAM | 128 GB ROM | Expandable Upto 1 TB17.12 cm (6.74 inch) HD+ Display50MP Rear Camera | 8MP Front Camera5000 mAh BatteryHelio G85 Processor1 Year Manufacturer Warranty for Phone and 6 Months Warranty for In the Box Accessories,"₹8,999",4.2,590 Ratings , 32 Reviews
190,"POCO M6 5G (Galactic Black, 256 GB)",8 GB RAM | 256 GB ROM | Expandable Upto 1 TB17.12 cm (6.74 inch) HD+ Display50MP Rear Camera5000 mAh BatteryMediatek Dimensity 6100+ Processor1 Year Manufacturer Warranty for Phone and 6 Months Warranty for In the Box Accessories,"₹11,999",4.3,"1,351 Ratings ", 103 Reviews
191,"MOTOROLA g24 Power (Ink blue, 128 GB)",8 GB RAM | 128 GB ROM | Expandable Upto 1 TB16.76 cm (6.6 inch) HD+ Display50MP + 2MP | 16MP Front Camera6000 mAh BatteryHelio G85 Processor1 Year on Handset and 6 Months on Accessories,"₹9,999",4.1,209 Ratings , 24 Reviews
192,"Nothing Phone (2) (Dark Grey, 512 GB)",12 GB RAM | 512 GB ROM17.02 cm (6.7 inch) Full HD+ Display50 MP(OIS) +50MP | 32MP Front Camera4700 mAh Lithium ion BatteryQualcomm Snapdragon 8+ Gen 1 ProcessorLTPO AMOLED (1 Hz - 120 Hz)1 Year Manufacturing Warranty,"₹38,999",4.4,"11,570 Ratings "," 1,473 Reviews"
193,"POCO C51 (Royal Blue, 128 GB)",6 GB RAM | 128 GB ROM | Expandable Upto 1 TB16.56 cm (6.52 inch) HD+ Display8MP Rear Camera | 5MP Front Camera5000 mAh Lithium Polymer BatteryHelio G36 Processor1 Year Manufacturer Warranty for Phone and 6 Months Warranty for In the Box Accessories,"₹6,499",4.1,"6,451 Ratings ", 347 Reviews
194,"Nokia 105 Single SIM, Keypad Mobile Phone with Wireless FM Radio",32 MB RAM | 32 MB ROM4.5 cm (1.77 inch) Display0MP | 0MP Front Camera1000 mAh BatterySC6531E Processor1 Year Replacement Warranty for Device and 6 Months Manufacturer Warranty for Inbox Accessories Including Battery from the Date of Purchase,"₹1,199",4.1,"92,639 Ratings "," 5,978 Reviews"
195,"Nothing Phone (2) (Dark Grey, 256 GB)",12 GB RAM | 256 GB ROM17.02 cm (6.7 inch) Full HD+ Display50 MP(OIS) +50MP | 32MP Front Camera4700 mAh Lithium ion BatteryQualcomm Snapdragon 8+ Gen 1 ProcessorLTPO AMOLED (1 Hz - 120 Hz)1 Year Manufacturing Warranty,"₹36,999",4.4,"11,570 Ratings "," 1,473 Reviews"
196,"Nothing Phone (2) (White, 128 GB)",8 GB RAM | 128 GB ROM17.02 cm (6.7 inch) Full HD+ Display50 MP(OIS) +50MP | 32MP Front Camera4700 mAh Lithium ion BatteryQualcomm Snapdragon 8+ Gen 1 ProcessorLTPO AMOLED (1 Hz - 120 Hz)1 Year Manufacturing Warranty,"₹39,999",4.4,"7,268 Ratings ", 957 Reviews
197,"Motorola Edge 40 (Viva Magenta, 256 GB)",8 GB RAM | 256 GB ROM16.51 cm (6.5 inch) Full HD+ Display50MP + 13MP | 32MP Front Camera4400 mAh BatteryDimensity 8020 Processor1 Year Handset and 6 Months Accessories,"₹26,999",4.3,"73,779 Ratings "," 8,192 Reviews"
198,"REDMI Note 13 Pro+ 5G (Fusion Purple, 256 GB)",8 GB RAM | 256 GB ROM16.94 cm (6.67 inch) Display200MP (OIS) + 8MP + 2MP | 16MP Front Camera5000 mAh BatteryDimensity 7200 Ultra 5G Processor1 Year Manufacturer Warranty for Phone and 6 Months Warranty for In the Box Accessories,"₹31,999",4.2,"3,554 Ratings ", 515 Reviews
199,"Apple iPhone 14 Plus (Blue, 128 GB)","128 GB ROM17.02 cm (6.7 inch) Super Retina XDR Display12MP + 12MP | 12MP Front CameraA15 Bionic Chip, 6 Core Processor Processor1 Year Warranty for Phone and 6 Months Warranty for In-Box Accessories","₹65,999",4.6,"61,595 Ratings "," 3,640 Reviews"
200,"Infinix HOT 30i (Diamond White, 128 GB)",8 GB RAM | 128 GB ROM | Expandable Upto 1 TB16.76 cm (6.6 inch) HD+ Display50MP + AI Lens | 5MP Front Camera5000 mAh BatteryG37 Processor1 Year on Handset and 6 Months on Accessories,"₹9,499",4.2,"1,43,901 Ratings "," 8,129 Reviews"
201,"Infinix HOT 30i (Glacier Blue, 128 GB)",8 GB RAM | 128 GB ROM | Expandable Upto 1 TB16.76 cm (6.6 inch) HD+ Display50MP + AI Lens | 5MP Front Camera5000 mAh BatteryG37 Processor1 Year on Handset and 6 Months on Accessories,"₹9,499",4.2,"1,43,901 Ratings "," 8,129 Reviews"
202,"realme Narzo N53 (Feather Gold, 128 GB)",6 GB RAM | 128 GB ROM17.12 cm (6.74 inch) Display50MP Rear Camera5000 mAh BatteryDomestic 1 Year on Handset and 6 Months on Accessories,"₹10,199",4.2,"4,483 Ratings ", 229 Reviews
203,"REDMI A2 (Aqua Blue, 64 GB)",4 GB RAM | 64 GB ROM | Expandable Upto 1 TB16.56 cm (6.52 inch) HD+ Display8MP Rear Camera | 5MP Front Camera5000 mAh BatteryHelio G36 Processor1 Year Manufacturer Warranty for Phone and 6 Months Warranty for In the Box Accessories,"₹6,980",4.2,"19,694 Ratings "," 1,126 Reviews"
204,SAMSUNG Guru Music 2,NA ROM | Expandable Upto 16 GB5.08 cm (2 inch) QVGA Display0MP Front Camera800 mAh BatteryNA 0 Single Core 208MHz ProcessorNo Warranty,"₹1,340",4.2,"2,21,127 Ratings "," 20,059 Reviews"
205,SAMSUNG Guru Music 2,NA ROM5.08 cm (2 inch) NA Display800 mAh Battery1 Year Manufacturer Warranty,"₹1,424",4.2,"2,21,127 Ratings "," 20,059 Reviews"
206,"REDMI 12 5G (Jade Black, 256 GB)",8 GB RAM | 256 GB ROM | Expandable Upto 1 TB17.25 cm (6.79 inch) Full HD+ Display50MP + 2MP | 8MP Front Camera5000 mAh BatterySnapdragon 4 Gen 2 Processor1 Year Manufacturer Warranty for Phone and 6 Months Warranty for In the Box Accessories,"₹14,999",4.2,"9,303 Ratings ", 689 Reviews
207,"Infinix HOT 30i (Mirror Black, 64 GB)",4 GB RAM | 64 GB ROM | Expandable Upto 1 TB16.76 cm (6.6 inch) HD+ Display50MP + AI Lens | 5MP Front Camera5000 mAh BatteryG37 Processor1 Year on Handset and 6 Months on Accessories,"₹8,399",4.2,"27,420 Ratings "," 1,565 Reviews"
208,"POCO C51 - Locked with Airtel Prepaid (Royal Blue, 64 GB)",4 GB RAM | 64 GB ROM | Expandable Upto 1 TB16.56 cm (6.52 inch) HD+ Display8MP Dual Rear Camera | 5MP Front Camera5000 mAh BatteryHelio G36 Processor1 Year Manufacturer Warranty for Phone and 6 Months Warranty for in the Box Accessories,"₹4,999",4,"1,80,462 Ratings "," 10,048 Reviews"
209,"Infinix Zero 30 5G (Fantasy Purple, 256 GB)",8 GB RAM | 256 GB ROM17.22 cm (6.78 inch) Full HD+ Display108MP (OIS) + 13MP + 2MP | 50MP Front Camera5000 mAh Lithium-ion Polymer BatteryDimensity 8020 Processor1 Year Warranty on the Handset and 6 Months Warranty on the Accessories,"₹21,999",4.3,"2,879 Ratings ", 423 Reviews
210,"Infinix HOT 30i (Marigold, 64 GB)",4 GB RAM | 64 GB ROM | Expandable Upto 1 TB16.76 cm (6.6 inch) HD+ Display50MP + AI Lens | 5MP Front Camera5000 mAh BatteryG37 Processor1 Year on Handset and 6 Months on Accessories,"₹8,399",4.2,"27,420 Ratings "," 1,565 Reviews"
211,"Infinix HOT 30i (Diamond White, 64 GB)",4 GB RAM | 64 GB ROM | Expandable Upto 1 TB16.76 cm (6.6 inch) HD+ Display50MP + AI Lens | 5MP Front Camera5000 mAh BatteryG37 Processor1 Year on Handset and 6 Months on Accessories,"₹8,399",4.2,"27,420 Ratings "," 1,565 Reviews"
212,"Infinix HOT 30i (Glacier Blue, 64 GB)",4 GB RAM | 64 GB ROM | Expandable Upto 1 TB16.76 cm (6.6 inch) HD+ Display50MP + AI Lens | 5MP Front Camera5000 mAh BatteryG37 Processor1 Year on Handset and 6 Months on Accessories,"₹8,399",4.2,"27,420 Ratings "," 1,565 Reviews"
213,"realme Narzo N53 (Feather Black, 128 GB)",6 GB RAM | 128 GB ROM17.12 cm (6.74 inch) Display50MP Rear Camera5000 mAh BatteryDomestic 1 Year on Handset and 6 Months on Accessories,"₹10,990",4.2,"4,483 Ratings ", 229 Reviews
214,"REDMI 13C (Stardust Black, 128 GB)",6 GB RAM | 128 GB ROM | Expandable Upto 1 TB17.12 cm (6.74 inch) HD+ Display50MP Rear Camera | 8MP Front Camera5000 mAh BatteryHelio G85 Processor1 Year Manufacturer Warranty for Phone and 6 Months Warranty for In the Box Accessories,"₹8,999",4.2,590 Ratings , 32 Reviews
215,"Infinix HOT 30 5G (Knight Black, 128 GB)",4 GB RAM | 128 GB ROM | Expandable Upto 1 TB17.22 cm (6.78 inch) Full HD+ Display50 MP + AI Lens | 8MP Front Camera6000 mAh Lithium Ion Polymer BatteryDimensity 6020 5G Processor1 Year on Handset and 6 Months on Accessories,"₹11,499",4.2,"4,565 Ratings ", 411 Reviews
216,"REDMI 13C (Starfrost White, 128 GB)",4 GB RAM | 128 GB ROM | Expandable Upto 1 TB17.12 cm (6.74 inch) HD+ Display50MP Rear Camera | 8MP Front Camera5000 mAh BatteryHelio G85 Processor1 Year Manufacturer Warranty for Phone and 6 Months Warranty for In the Box Accessories,"₹7,999",4.3,764 Ratings , 51 Reviews
217,"REDMI Note 13 Pro 5G (Coral Purple, 256 GB)",8 GB RAM | 256 GB ROM16.94 cm (6.67 inch) Display200MP (OIS) + 8MP + 2MP | 16MP Front Camera5100 mAh Battery7s Gen 2 Mobile Platform 5G Processor1 Year Manufacturer Warranty for Phone and 6 Months Warranty for In the Box Accessories,"₹27,999",4.3,"5,655 Ratings ", 672 Reviews
218,"SAMSUNG Galaxy M14 5G (Berry Blue, 128 GB)",6 GB RAM | 128 GB ROM16.76 cm (6.6 inch) Display50MP Rear Camera6000 mAh Battery1 year for handset and 6 month for accessories,"₹11,975",4.2,"15,435 Ratings "," 1,047 Reviews"
219,"REDMI Note 13 Pro 5G (Midnight Black, 128 GB)",8 GB RAM | 128 GB ROM16.94 cm (6.67 inch) Display200MP (OIS) + 8MP + 2MP | 16MP Front Camera5100 mAh Battery7s Gen 2 Mobile Platform 5G Processor1 Year Manufacturer Warranty for Phone and 6 Months Warranty for In the Box Accessories,"₹25,999",4.3,"5,655 Ratings ", 672 Reviews
220,"IQOO Z7s 5G (Norway Blue, 128 GB)",6 GB RAM | 128 GB ROM16.21 cm (6.38 inch) Display64MP Rear Camera4500 mAh BatteryDomestic 1 Year on Handset and 6 Months on Accessories,"₹15,567",4.3,"2,473 Ratings ", 148 Reviews
221,"Apple iPhone 14 ((PRODUCT)RED, 128 GB)","128 GB ROM15.49 cm (6.1 inch) Super Retina XDR Display12MP + 12MP | 12MP Front CameraA15 Bionic Chip, 6 Core Processor Processor1 Year Warranty for Phone and 6 Months Warranty for In-Box Accessories","₹56,999",4.6,"2,75,992 Ratings "," 10,824 Reviews"
222,"Google Pixel 7a (Sea, 128 GB)",8 GB RAM | 128 GB ROM15.49 cm (6.1 inch) Full HD+ Display64MP (OIS) + 13MP | 13MP Front Camera4300 mAh BatteryTensor G2 Processor1 Year Domestic Warranty,"₹38,999",4.1,"15,723 Ratings "," 1,744 Reviews"
223,"Google Pixel 7a (Snow, 128 GB)",8 GB RAM | 128 GB ROM15.49 cm (6.1 inch) Full HD+ Display64MP (OIS) + 13MP | 13MP Front Camera4300 mAh BatteryTensor G2 Processor1 Year Domestic Warranty,"₹38,999",4.1,"15,723 Ratings "," 1,744 Reviews"
224,"Google Pixel 7a (Charcoal, 128 GB)",8 GB RAM | 128 GB ROM15.49 cm (6.1 inch) Full HD+ Display64MP (OIS) + 13MP | 13MP Front Camera4300 mAh BatteryTensor G2 Processor1 Year Domestic Warranty,"₹38,999",4.1,"15,723 Ratings "," 1,744 Reviews"
225,"POCO X6 Pro 5G (Yellow, 512 GB)",12 GB RAM | 512 GB ROM16.94 cm (6.67 inch) Display64MP + 8MP + 2MP | 16MP Front Camera5000 mAh BatteryDimensity D8300 Ultra Processor1 Year Manufacturer Warranty for Phone and 6 Months Warranty for In the Box Accessories,"₹28,999",4.4,"1,887 Ratings ", 358 Reviews
226,"REDMI 13c 5G (Startrail Green, 128 GB)",6 GB RAM | 128 GB ROM17.12 cm (6.74 inch) Display50MP Rear Camera5000 mAh Battery1 Year,"₹11,971",4.2,"1,374 Ratings ", 78 Reviews
227,"Nokia 105 Single SIM, Keypad Mobile Phone with Wireless FM Radio",32 MB RAM | 32 MB ROM4.5 cm (1.77 inch) QVGA Display0MP Front Camera800 mAh Lithium Ion BatterySC6531E ProcessorNO WARRANTY,"₹1,274",4.1,"92,639 Ratings "," 5,978 Reviews"
228,itel Magic X Pro 4G| 2500mAh Big Battery| Expandable Storage upto 64GB,64 MB RAM | 128 MB ROM6.1 cm (2.4 inch) Display0.3MP Rear Camera2500 mAh Battery2 years warranty on mobile device & 6 months on accessories.,"₹1,750",3.9,"7,830 Ratings ", 849 Reviews
229,"REDMI Note 12 (Sunrise Gold, 64 GB)",6 GB RAM | 64 GB ROM | Expandable Upto 1 TB16.94 cm (6.67 inch) Full HD+ Super AMOLED Display50MP + 8MP + 2MP | 13MP Front Camera5000 mAh BatterySnapdragon 685 Processor1 Year Manufacturer Warranty for Phone and 6 Months Warranty for In the Box Accessories,"₹10,999",4.1,"29,798 Ratings "," 2,428 Reviews"
230,"REDMI 12 (Pastel Blue, 128 GB)",4 GB RAM | 128 GB ROM | Expandable Upto 1 TB17.25 cm (6.79 inch) Full HD+ Display50MP + 8MP + 2MP | 8MP Front Camera5000 mAh BatteryHelio G88 Processor1 Year Manufacturer Warranty for Phone and 6 Months Warranty for in the Box Accessories,"₹9,499",4.3,"93,827 Ratings "," 5,124 Reviews"
231,"realme Narzo 60 5G (Mars Orange, 256 GB)",8 GB RAM | 256 GB ROM16.33 cm (6.43 inch) Display64MP Rear Camera5000 mAh BatteryDomestic 1 Year of Device & 6 Months for In-Box Accessories,"₹19,356",4.3,"3,243 Ratings ", 237 Reviews
232,"POCO C51 (Royal Blue, 128 GB)",6 GB RAM | 128 GB ROM | Expandable Upto 1 TB16.56 cm (6.52 inch) HD+ Display8MP Rear Camera | 5MP Front Camera5000 mAh Lithium Polymer BatteryHelio G36 Processor1 Year Manufacturer Warranty for Phone and 6 Months Warranty for In the Box Accessories,"₹6,499",4.1,"6,451 Ratings ", 347 Reviews
233,"POCO X6 Pro 5G (Racing Grey, 256 GB)",8 GB RAM | 256 GB ROM16.94 cm (6.67 inch) Display64MP + 8MP + 2MP | 16MP Front Camera5000 mAh BatteryDimensity D8300 Ultra Processor1 Year Manufacturer Warranty for Phone and 6 Months Warranty for In the Box Accessories,"₹26,999",4.2,"2,281 Ratings ", 458 Reviews
234,"OnePlus Nord CE 3 Lite 5G (Pastel Lime, 128 GB)",8 GB RAM | 128 GB ROM17.07 cm (6.72 inch) Display108MP Rear Camera5000 mAh BatteryDomestic Warranty of 12 months on phone & 6 months on accessories,"₹18,724",4.4,"52,811 Ratings "," 3,705 Reviews"
235,"SAMSUNG Galaxy M14 5G (Smoky Teal, 128 GB)",4 GB RAM | 128 GB ROM16.76 cm (6.6 inch) Display50MP Rear Camera6000 mAh Battery1 year for handset and 6 month for accessories,"₹11,255",4.2,"3,758 Ratings ", 233 Reviews
236,"Samsung Galaxy S21 FE 5G with Snapdragon 888 (Lavender, 128 GB)",8 GB RAM | 128 GB ROM16.26 cm (6.4 inch) Full HD+ Display12MP + 12MP + 8MP (OIS) | 32MP Front Camera4500 mAh Lithium-ion BatterySnapdragon 888 Processor1 Year Manufacturer Warranty for Device and 6 Months Manufacturer Warranty for In-Box Accessories,"₹29,999",4.3,"1,29,904 Ratings "," 12,598 Reviews"
237,SAMSUNG Guru Music 2,0.53 RAM | NA KB ROM | Expandable Upto 16 GB5.08 cm (2 inch) QVGA Display0MP Front Camera800 mAh BatteryNA 0 Single Core 208MHz ProcessorNo Warranty,"₹1,268",3.8,"4,117 Ratings ", 273 Reviews
238,SAMSUNG Metro 313 Dual Sim,16 MB RAM | 2 MB ROM5.08 cm (2 inch) Display0.3MP Rear Camera1000 mAh Battery1 Year Manufacturer Warranty,"₹2,340",4.2,"15,050 Ratings "," 1,482 Reviews"
239,"REDMI Note 13 5G (Arctic White, 256 GB)",8 GB RAM | 256 GB ROM16.94 cm (6.67 inch) Display108MP Rear Camera5000 mAh Battery1 Year Brand Warranty,"₹19,354",4.1,398 Ratings , 27 Reviews
